﻿<?xml version="1.0" encoding="utf-8" standalone="no" ?>
<vehicle type="PumaCVX">
    <annotation>Copyright (C) GIANTS Software GmbH, All Rights Reserved.</annotation>
    <storeData>
        <name>            <en>Puma CVX Series</en>
        </name>
        <specs>
            <power>225</power>
            <maxSpeed>55</maxSpeed>
        </specs>
        <functions>
            <function>$l10n_function_tractor</function>
            <function>$l10n_function_tractorFrontloader</function>
        </functions>
        <image>store_puma.png</image>
        <price>184000</price>
        <lifetime>600</lifetime>
        <rotation>0</rotation>
        <brand>CASEIH</brand>
        <category>tractorsM</category>
        <vertexBufferMemoryUsage>2616992</vertexBufferMemoryUsage>
        <indexBufferMemoryUsage>399930</indexBufferMemoryUsage>
        <textureMemoryUsage>20578936</textureMemoryUsage>
        <instanceVertexBufferMemoryUsage>0</instanceVertexBufferMemoryUsage>
        <instanceIndexBufferMemoryUsage>0</instanceIndexBufferMemoryUsage>
    </storeData>
	
    <base>
        <typeDesc>$l10n_typeDesc_tractor</typeDesc>
        <filename>puma.i3d</filename>
        <size width="3" length="6"/>
        <components>
            <component centerOfMass="0 0.95 -1.13" solverIterationCount="20" mass="4200"/>
            <component centerOfMass="0 0.3 0" solverIterationCount="20" mass="2800"/>
            <joint component1="1" component2="2" node="frontAxisComponentJoint" rotLimit="0 0 15" rotLimitSpring="0 0 4000" rotLimitDamping="0 0 75" maxRotDriveForce="0 0 20" rotDriveRotation="0 0 0" rotDriveSpring="0 0 30" rotDriveDamping="0 0 20" breakable="false"/>
        </components>
        <schemaOverlay attacherJointPosition="0 0">
            <default name="DEFAULT_VEHICLE"/>
            <turnedOn name="DEFAULT_VEHICLE_ON"/>
            <selected name="DEFAULT_VEHICLE_SELECTED"/>
            <turnedOnSelected name="DEFAULT_VEHICLE_SELECTED_ON"/>
        </schemaOverlay>
    </base>
	
    <wheels>
        <wheelConfigurations>
            <wheelConfiguration name="$l10n_configuration_valueDefault" price="0" brand="MITAS">
                <wheels autoRotateBackSpeed="2.2">
                    <wheel filename="wheels/mitas/600_70R28.xml" isLeft="true" hasTireTracks="true" hasParticles="true" >
                        <physics rotSpeed="1" restLoad="2.3" repr="wheelFrontLeft"  driveNode="physWheelFrontLeft"  forcePointRatio="0.5" initialCompression="25" suspTravel="0.15" spring="54" damper="55" />
                        <fender node="fenderLeft" rotMax="26" />
                    </wheel>
                    <wheel filename="wheels/mitas/600_70R28.xml" isLeft="false" hasTireTracks="true" hasParticles="true">
                        <physics rotSpeed="1" restLoad="2.3" repr="wheelFrontRight" driveNode="physWheelFrontRight" forcePointRatio="0.5" initialCompression="25" suspTravel="0.15" spring="54" damper="55" />
                        <fender node="fenderRight" rotMin="-26" />
                    </wheel>
                    <wheel filename="wheels/mitas/710_70R38.xml" isLeft="true" hasTireTracks="true" hasParticles="true">
                        <physics rotSpeed="0" restLoad="2.1" repr="wheelBackLeft"  forcePointRatio="0.5" initialCompression="20" suspTravel="0.28" spring="31" damper="55" />
                    </wheel>
                    <wheel filename="wheels/mitas/710_70R38.xml" isLeft="false" hasTireTracks="true" hasParticles="true">
                        <physics rotSpeed="0" restLoad="2.1" repr="wheelBackRight" forcePointRatio="0.5" initialCompression="20" suspTravel="0.28" spring="31" damper="55" />
                    </wheel>
                    <foliageBendingModifier index="1" minX="-1.25" maxX="1.25" />
                    <foliageBendingModifier index="2" minX="-1.30" maxX="1.30" />
                </wheels>
            </wheelConfiguration>
            <wheelConfiguration name="$l10n_configuration_valueDefault" price="0" brand="TRELLEBORG">
                <wheels autoRotateBackSpeed="2.2">
                    <wheel filename="wheels/trelleborg/TM800/600_65R28.xml" isLeft="true" hasTireTracks="true" hasParticles="true" >
                        <physics rotSpeed="1" restLoad="2.3" repr="wheelFrontLeft"  driveNode="physWheelFrontLeft"  forcePointRatio="0.5" initialCompression="25" suspTravel="0.15" spring="54" damper="55" />
                        <fender node="fenderLeft" rotMax="26" />
                    </wheel>
                    <wheel filename="wheels/trelleborg/TM800/600_65R28.xml" isLeft="false" hasTireTracks="true" hasParticles="true">
                        <physics rotSpeed="1" restLoad="2.3" repr="wheelFrontRight" driveNode="physWheelFrontRight" forcePointRatio="0.5" initialCompression="25" suspTravel="0.15" spring="54" damper="55" />
                        <fender node="fenderRight" rotMin="-26" />
                    </wheel>
                    <wheel filename="wheels/trelleborg/TM800/710_70R38.xml" isLeft="true" hasTireTracks="true" hasParticles="true">
                        <physics rotSpeed="0" restLoad="2.1" repr="wheelBackLeft"  forcePointRatio="0.5" initialCompression="20" suspTravel="0.28" spring="31" damper="55" />
                    </wheel>
                    <wheel filename="wheels/trelleborg/TM800/710_70R38.xml" isLeft="false" hasTireTracks="true" hasParticles="true">
                        <physics rotSpeed="0" restLoad="2.1" repr="wheelBackRight" forcePointRatio="0.5" initialCompression="20" suspTravel="0.28" spring="31" damper="55" />
                    </wheel>
                    <foliageBendingModifier index="1" minX="-1.25" maxX="1.25" />
                    <foliageBendingModifier index="2" minX="-1.30" maxX="1.30" />
                </wheels>
				<objectChange node="wheelBackLeft"  scaleActive="1.05 1 1" />
				<objectChange node="wheelBackRight"  scaleActive="1.05 1 1" />
            </wheelConfiguration>
            <wheelConfiguration name="$l10n_configuration_valueWheelWeights" price="1200" brand="TRELLEBORG">
                <wheels autoRotateBackSpeed="2.2">
                    <wheel filename="wheels/trelleborg/TM800/600_65R28.xml" isLeft="true" hasTireTracks="true" hasParticles="true" >
                        <physics rotSpeed="1" restLoad="2.3" repr="wheelFrontLeft"  driveNode="physWheelFrontLeft"  forcePointRatio="0.5" initialCompression="25" suspTravel="0.15" spring="54" damper="55" />
                        <fender node="fenderLeft" rotMax="26" />
                    </wheel>
                    <wheel filename="wheels/trelleborg/TM800/600_65R28.xml" isLeft="false" hasTireTracks="true" hasParticles="true">
                        <physics rotSpeed="1" restLoad="2.3" repr="wheelFrontRight" driveNode="physWheelFrontRight" forcePointRatio="0.5" initialCompression="25" suspTravel="0.15" spring="54" damper="55" />
                        <fender node="fenderRight" rotMin="-26" />
                    </wheel>
                    <wheel filename="wheels/trelleborg/TM800/710_70R38.xml" isLeft="true" configId="weight3" hasTireTracks="true" hasParticles="true">
                        <physics rotSpeed="0" restLoad="2.7" repr="wheelBackLeft"  forcePointRatio="0.5" initialCompression="20" suspTravel="0.28" spring="31" damper="55" />
                    </wheel>
                    <wheel filename="wheels/trelleborg/TM800/710_70R38.xml" isLeft="false" configId="weight3" hasTireTracks="true" hasParticles="true">
                        <physics rotSpeed="0" restLoad="2.7" repr="wheelBackRight" forcePointRatio="0.5" initialCompression="20" suspTravel="0.28" spring="31" damper="55" />
                    </wheel>
                    <foliageBendingModifier index="1" minX="-1.25" maxX="1.25" />
                    <foliageBendingModifier index="2" minX="-1.30" maxX="1.30" />
                </wheels>
            </wheelConfiguration>
            <wheelConfiguration name="$l10n_configuration_valueWheelBroad" price="2000" brand="TRELLEBORG">
                <wheels autoRotateBackSpeed="2.2" ackermannSteeringIndex="2">
                    <wheel filename="wheels/trelleborg/TM900/600_70R30.xml" isLeft="true" hasTireTracks="true" hasParticles="true" >
                        <physics rotSpeed="1" restLoad="2.3" repr="wheelFrontLeft"  driveNode="physWheelFrontLeft"  forcePointRatio="0.5" initialCompression="25" suspTravel="0.15" spring="54" damper="55" />
                        <fender node="fenderLeft" rotMax="26" />
                    </wheel>
                    <wheel filename="wheels/trelleborg/TM900/600_70R30.xml" isLeft="false" hasTireTracks="true" hasParticles="true">
                        <physics rotSpeed="1" restLoad="2.3" repr="wheelFrontRight" driveNode="physWheelFrontRight" forcePointRatio="0.5" initialCompression="25" suspTravel="0.15" spring="54" damper="55" />
                        <fender node="fenderRight" rotMin="-26" />
                    </wheel>
                    <wheel filename="wheels/trelleborg/TM900/800_70R38.xml" isLeft="true" hasTireTracks="true" hasParticles="true">
                        <physics rotSpeed="0" restLoad="2.1" repr="wheelBackLeft"  forcePointRatio="0.5" initialCompression="20" suspTravel="0.28" spring="31" damper="55" />
                    </wheel>
                    <wheel filename="wheels/trelleborg/TM900/800_70R38.xml" isLeft="false" hasTireTracks="true" hasParticles="true">
                        <physics rotSpeed="0" restLoad="2.1" repr="wheelBackRight" forcePointRatio="0.5" initialCompression="20" suspTravel="0.28" spring="31" damper="55" />
                    </wheel>
                    <foliageBendingModifier index="1" minX="-1.3" maxX="1.3" />
                    <foliageBendingModifier index="2" minX="-1.4" maxX="1.4" />
                </wheels>
            </wheelConfiguration>
            <wheelConfiguration name="$l10n_configuration_valueWheelBroadWeights" price="3000" brand="TRELLEBORG">
                <wheels autoRotateBackSpeed="2.2" ackermannSteeringIndex="2">
                    <wheel filename="wheels/trelleborg/TM900/600_70R30.xml" isLeft="true" hasTireTracks="true" hasParticles="true" >
                        <physics rotSpeed="1" restLoad="2.3" repr="wheelFrontLeft"  driveNode="physWheelFrontLeft"  forcePointRatio="0.5" initialCompression="25" suspTravel="0.15" spring="54" damper="55" />
                        <fender node="fenderLeft" rotMax="26" />
                    </wheel>
                    <wheel filename="wheels/trelleborg/TM900/600_70R30.xml" isLeft="false" hasTireTracks="true" hasParticles="true">
                        <physics rotSpeed="1" restLoad="2.3" repr="wheelFrontRight" driveNode="physWheelFrontRight" forcePointRatio="0.5" initialCompression="25" suspTravel="0.15" spring="54" damper="55" />
                        <fender node="fenderRight" rotMin="-26" />
                    </wheel>
                    <wheel filename="wheels/trelleborg/TM900/800_70R38.xml" configId="weight3" isLeft="true" hasTireTracks="true" hasParticles="true">
                        <physics rotSpeed="0" restLoad="2.7" repr="wheelBackLeft"  forcePointRatio="0.5" initialCompression="20" suspTravel="0.28" spring="31" damper="55" />
                    </wheel>
                    <wheel filename="wheels/trelleborg/TM900/800_70R38.xml" configId="weight3" isLeft="false" hasTireTracks="true" hasParticles="true">
                        <physics rotSpeed="0" restLoad="2.7" repr="wheelBackRight" forcePointRatio="0.5" initialCompression="20" suspTravel="0.28" spring="31" damper="55" />
                    </wheel>
                    <foliageBendingModifier index="1" minX="-1.3" maxX="1.3" />
                    <foliageBendingModifier index="2" minX="-1.4" maxX="1.4" />
                </wheels>
            </wheelConfiguration>
            <wheelConfiguration name="$l10n_configuration_valueDefault" price="0" brand="MICHELIN">
                <wheels autoRotateBackSpeed="2.2">
                    <wheel filename="wheels/600_70R28_Michelin.xml" isLeft="true" hasTireTracks="true" hasParticles="true" >
                        <physics rotSpeed="1" restLoad="2.3" repr="wheelFrontLeft"  driveNode="physWheelFrontLeft"  forcePointRatio="0.5" initialCompression="25" suspTravel="0.15" spring="54" damper="55" />
                        <fender node="fenderLeft" rotMax="26" />
                    </wheel>
                    <wheel filename="wheels/600_70R28_Michelin.xml" isLeft="false" hasTireTracks="true" hasParticles="true">
                        <physics rotSpeed="1" restLoad="2.3" repr="wheelFrontRight" driveNode="physWheelFrontRight" forcePointRatio="0.5" initialCompression="25" suspTravel="0.15" spring="54" damper="55" />
                        <fender node="fenderRight" rotMin="-26" />
                    </wheel>
                    <wheel filename="wheels/800_70R38_Michelin.xml" isLeft="true" hasTireTracks="true" hasParticles="true">
                        <physics rotSpeed="0" restLoad="2.1" repr="wheelBackLeft"  forcePointRatio="0.5" initialCompression="20" suspTravel="0.28" spring="31" damper="55" />
                    </wheel>
                    <wheel filename="wheels/800_70R38_Michelin.xml" isLeft="false" hasTireTracks="true" hasParticles="true">
                        <physics rotSpeed="0" restLoad="2.1" repr="wheelBackRight" forcePointRatio="0.5" initialCompression="20" suspTravel="0.28" spring="31" damper="55" />
                    </wheel>
                    <foliageBendingModifier index="1" minX="-1.25" maxX="1.25" />
                    <foliageBendingModifier index="2" minX="-1.30" maxX="1.30" />
                </wheels>
            </wheelConfiguration>
			<wheelConfiguration name="$l10n_configuration_valueWheelBroad" price="0" brand="MICHELIN">
                <wheels autoRotateBackSpeed="2.2">
                    <wheel filename="wheels/710_65R30_Michelin.xml" isLeft="true" hasTireTracks="true" hasParticles="true">
                        <physics rotSpeed="1" restLoad="2.3" repr="wheelFrontLeft" driveNode="physWheelFrontLeft" forcePointRatio="0.5" initialCompression="25" suspTravel="0.15" spring="54" damper="55"/>
                        <fender node="fenderLeft" rotMax="26"/>
                    </wheel>
                    <wheel filename="wheels/710_65R30_Michelin.xml" isLeft="false" hasTireTracks="true" hasParticles="true">
                        <physics rotSpeed="1" restLoad="2.3" repr="wheelFrontRight" driveNode="physWheelFrontRight" forcePointRatio="0.5" initialCompression="25" suspTravel="0.15" spring="54" damper="55"/>
                        <fender node="fenderRight" rotMin="-26"/>
                    </wheel>
                    <wheel filename="wheels/900_60R42_Michelin.xml" isLeft="true" hasTireTracks="true" hasParticles="true">
                        <physics rotSpeed="0" restLoad="2.1" repr="wheelBackLeft" forcePointRatio="0.5" initialCompression="20" suspTravel="0.28" spring="31" damper="55"/>
                    </wheel>
                    <wheel filename="wheels/900_60R42_Michelin.xml" isLeft="false" hasTireTracks="true" hasParticles="true">
                        <physics rotSpeed="0" restLoad="2.1" repr="wheelBackRight" forcePointRatio="0.5" initialCompression="20" suspTravel="0.28" spring="31" damper="55"/>
                    </wheel>
                    <foliageBendingModifier index="1" minX="-1.25" maxX="1.25"/>
                    <foliageBendingModifier index="2" minX="-1.30" maxX="1.30"/>
                </wheels>
				<objectChange node="physWheelFrontLeft"  scaleActive="1.25 1.1 1.1" />
				<objectChange node="physWheelFrontRight"  scaleActive="1.25 1.1 1.1" />
                <objectChange node="wheelBackLeft"  scaleActive="1.21 1 1" />
				<objectChange node="wheelBackRight"  scaleActive="1.21 1 1" />
			</wheelConfiguration>
            <wheelConfiguration name="$l10n_configuration_valueWheelBroadWeights" price="1200" brand="MICHELIN">
                <wheels autoRotateBackSpeed="2.2">
                    <wheel filename="wheels/710_65R30_Michelin.xml" isLeft="true" hasTireTracks="true" hasParticles="true">
                        <physics rotSpeed="1" restLoad="2.3" repr="wheelFrontLeft" driveNode="physWheelFrontLeft" forcePointRatio="0.5" initialCompression="25" suspTravel="0.15" spring="54" damper="55"/>
                        <fender node="fenderLeft" rotMax="26"/>
                    </wheel>
                    <wheel filename="wheels/710_65R30_Michelin.xml" isLeft="false" hasTireTracks="true" hasParticles="true">
                        <physics rotSpeed="1" restLoad="2.3" repr="wheelFrontRight" driveNode="physWheelFrontRight" forcePointRatio="0.5" initialCompression="25" suspTravel="0.15" spring="54" damper="55"/>
                        <fender node="fenderRight" rotMin="-26"/>
                    </wheel>
                    <wheel filename="wheels/900_60R42_Michelin.xml" configId="weight3" isLeft="true" hasTireTracks="true" hasParticles="true">
                        <physics rotSpeed="0" restLoad="2.1" repr="wheelBackLeft" forcePointRatio="0.5" initialCompression="20" suspTravel="0.28" spring="31" damper="55"/>
                    </wheel>
                    <wheel filename="wheels/900_60R42_Michelin.xml" configId="weight3" isLeft="false" hasTireTracks="true" hasParticles="true">
                        <physics rotSpeed="0" restLoad="2.1" repr="wheelBackRight" forcePointRatio="0.5" initialCompression="20" suspTravel="0.28" spring="31" damper="55"/>
                    </wheel>
                    <foliageBendingModifier index="1" minX="-1.25" maxX="1.25"/>
                    <foliageBendingModifier index="2" minX="-1.30" maxX="1.30"/>
                </wheels>
				<objectChange node="physWheelFrontLeft"  scaleActive="1.25 1.1 1.1" />
				<objectChange node="physWheelFrontRight"  scaleActive="1.25 1.1 1.1" />
				<objectChange node="wheelBackLeft"  scaleActive="1.21 1 1" />
				<objectChange node="wheelBackRight"  scaleActive="1.21 1 1" />
            </wheelConfiguration>
        </wheelConfigurations>
		
        <ackermannSteeringConfigurations>
            <ackermannSteering rotSpeed="40" rotMax="40" rotCenterWheel1="3" rotCenterWheel2="4"/>
            <ackermannSteering rotSpeed="40" rotMax="37" rotCenterWheel1="3" rotCenterWheel2="4"/>
            <ackermannSteering rotSpeed="40" rotMax="31" rotCenterWheel1="3" rotCenterWheel2="4"/>
        </ackermannSteeringConfigurations>
    </wheels>
	
    <lights>
        <sharedLight linkNode="frontLight_01_left_" node="0" lightTypes="0 3" filename="$data/shared/assets/lights/lizard/frontLight_01_left.xml"/>
        <sharedLight linkNode="frontLight_01_right_" node="0" lightTypes="0 3" filename="$data/shared/assets/lights/lizard/frontLight_01_right.xml"/>
        <sharedLight linkNode="workingLightOval02_" node="0" lightTypes="2" filename="$data/shared/assets/lights/lizard/workingLightOval_02.xml"/>
        <sharedLight linkNode="workingLightOval02_1" node="0" lightTypes="2" filename="$data/shared/assets/lights/lizard/workingLightOval_02.xml"/>
        <sharedLight linkNode="workingLightOval02_2" node="0" lightTypes="2" filename="$data/shared/assets/lights/lizard/workingLightOval_02.xml"/>
        <sharedLight linkNode="workingLightOval02_3" node="0" lightTypes="2" filename="$data/shared/assets/lights/lizard/workingLightOval_02.xml"/>
        <sharedLight linkNode="workingLightOval02_4" node="0" lightTypes="1" filename="$data/shared/assets/lights/lizard/workingLightOval_02.xml"/>
        <sharedLight linkNode="workingLightOval02_5" node="0" lightTypes="1" filename="$data/shared/assets/lights/lizard/workingLightOval_02.xml"/>
        <sharedLight linkNode="workingLightOval02_6" node="0" lightTypes="1" filename="$data/shared/assets/lights/lizard/workingLightOval_02.xml"/>
        <sharedLight linkNode="workingLightOval02_7" node="0" lightTypes="1" filename="$data/shared/assets/lights/lizard/workingLightOval_02.xml"/>
        <sharedLight linkNode="workingLightOval02_8" node="0" lightTypes="1" filename="$data/shared/assets/lights/lizard/workingLightOval_02.xml"/>
        <sharedLight linkNode="workingLightOval02_9" node="0" lightTypes="1" filename="$data/shared/assets/lights/lizard/workingLightOval_02.xml"/>
        <sharedLight linkNode="workingLightOval02_10" node="0" lightTypes="2" filename="$data/shared/assets/lights/lizard/workingLightOval_02.xml"/>
        <sharedLight linkNode="workingLightOval02_11" node="0" lightTypes="2" filename="$data/shared/assets/lights/lizard/workingLightOval_02.xml"/>
        <sharedLight linkNode="workingLightOval02_12" node="0" lightTypes="1" filename="$data/shared/assets/lights/lizard/workingLightOval_02.xml"/>
        <sharedLight linkNode="workingLightOval02_13" node="0" lightTypes="1" filename="$data/shared/assets/lights/lizard/workingLightOval_02.xml"/>
        <sharedLight linkNode="workingLightOval_03_" node="0" lightTypes="2" filename="$data/shared/assets/lights/lizard/workingLightOval_03.xml"/>
        <sharedLight linkNode="workingLightOval_03_1" node="0" lightTypes="2" filename="$data/shared/assets/lights/lizard/workingLightOval_03.xml"/>
        
		<states>
            <state lightTypes="0"/>
            <state lightTypes="0 1"/>
            <state lightTypes="0 1 2"/>
        </states>
		
        <realLights>
            <low>
                <light node="frontLightLow" lightTypes="0" excludedLightTypes="2 3"/>
                <light node="workLightBackLow" lightTypes="1"/>
                <light node="workLightFrontLow" lightTypes="2"/>
                <light node="highBeamLow" lightTypes="3"/>
            </low>
            <high>
                <light node="frontLightHigh" lightTypes="0" excludedLightTypes="2 3"/>
                <light node="workLightBackHigh" lightTypes="1"/>
                <light node="workLightFrontHigh" lightTypes="2"/>
                <light node="highBeamHigh" lightTypes="3"/>
                <light node="backLightsHigh" lightTypes="0"/>
                <brakeLight node="backLightsHigh"/>
                <turnLightLeft node="turnLightLeftFront"/>
                <turnLightRight node="turnLightRightFront"/>
                <interiorLight node="interiorScreenLight"/>
            </high>
        </realLights>
		
        <defaultLights>
            <defaultLight shaderNode="Front_Light_01_static" lightTypes="0 3"/>
            <defaultLight shaderNode="Front_light_02_static" lightTypes="0 3"/>
            <defaultLight shaderNode="Rear_Light_static" lightTypes="0"/>
        </defaultLights>
		
        <turnLights>
            <turnLightLeft shaderNode="turnlightLeftStatic"/>
            <turnLightRight shaderNode="turnlightRightStatic"/>
        </turnLights>
		
        <brakeLights>
            <brakeLight shaderNode="Rear_Light_static"/>
        </brakeLights>
		
        <beaconLights>
            <beaconLight node="beaconLightLeft" filename="$data/shared/assets/beaconLights/lizard/beaconLight02.xml"/>
            <beaconLight node="beaconLightRight" filename="$data/shared/assets/beaconLights/lizard/beaconLight02.xml"/>
        </beaconLights>
		
        <dashboards>
            <dashboard valueType="lightState" displayType="EMITTER" node="cabinLightDecal" lightTypes="0" idleValue="0" intensity="0.1" groups="MOTOR_ACTIVE"/>
            <dashboard valueType="lightState" displayType="EMITTER" node="holmDecalLight" lightTypes="0" idleValue="0" intensity="0.1" groups="MOTOR_ACTIVE"/>
        </dashboards>
		
        <sounds>
            <switchLight template="SWITCH_01" linkNode="pumaCVX_main_component1"/>
            <turnLight template="SWITCH_TURNLIGHT" linkNode="pumaCVX_main_component1"/>
        </sounds>
    </lights>
	
    <attacherJoints comboDuration="2">
        <attacherJoint node="attacherJointBack" upperRotationOffset="0.87" moveTime="2.5" comboTime="1">
            <distanceToGround upper="1.18" lower="0.27"/>
            <rotationNode node="attacherJointBackRot" upperRotation="29 0 0" lowerRotation="-27 0 0"/>
            <rotationNode2 node="attacherJointBackRot2"/>
            <bottomArm rotationNode="attacherJointBackArmBottom" translationNode="attacherJointBackArmBottomLink" referenceNode="referencePointBackBottom" zScale="-1" startRotation="-17 0 0"/>
            <topArm baseNode="attacherJointBackArmTop" filename="$data/shared/assets/upperLinks/walterscheid03.i3d" zScale="-1" color="SHARED_BLACK3"/>
            <schema position="1 0" rotation="0" invertX="false"/>
            <objectChange node="trailerBackTransNode" visibilityActive="false" visibilityInactive="true"/>
        </attacherJoint>
        <attacherJoint node="attacherJointFront" upperRotationOffset="-0.86" moveTime="2.5" comboTime="0">
            <distanceToGround upper="1.10" lower="0.29"/>
            <rotationNode node="attacherJointFrontRot" upperRotation="-28 0 0" lowerRotation="19 0 0"/>
            <rotationNode2 node="attacherJointFrontRot2"/>
            <bottomArm rotationNode="attacherJointFrontArmBottom" translationNode="attacherJointFrontArmBottomLink" referenceNode="referencePointFrontBottom" zScale="1" startRotation="-28.8 0 0"/>
            <topArm baseNode="attacherJointFrontArmTop" filename="$data/shared/assets/upperLinks/walterscheid01.i3d" zScale="1"/>
            <schema position="1 0" rotation="0" invertX="true"/>
            <objectChange node="bottomArmPart" rotationActive="0 0 0" rotationInactive="-50 0 0"/>
        </attacherJoint>
        <attacherJoint node="trailerAttacherJointBack" jointType="trailer" lowerRotLimit="10 50 50" upperRotRotationOffset="0" allowsJointLimitMovement="false" comboTime="1">
            <distanceToGround upper="1.19" lower="0.53"/>
            <transNode node="trailerBackTransNode" minY="0.52" maxY="1.18"/>
            <schema position="1 0" rotation="0" invertX="false"/>
            <objectChange node="trailerLowTransNode" visibilityActive="false" visibilityInactive="true"/>
        </attacherJoint>
        <attacherJoint node="trailerAttacherJointBackLow" jointType="trailerLow" lowerRotLimit="10 50 50" upperRotRotationOffset="0" allowsJointLimitMovement="false" comboTime="1">
            <distanceToGround upper="0.79" lower="0.57"/>
            <transNode node="trailerLowTransNode" minY="0.56" maxY="0.78"/>
            <schema position="1 0" rotation="0" invertX="false"/>
            <objectChange node="attacherJointBackArmBottom" rotationActive="35 0 0" rotationInactive="-17 0 0"/>
            <objectChange node="trailerBackTransNode" visibilityActive="false" visibilityInactive="true"/>
            <steeringBars leftNode="steeringBarLeftRef" rightNode="steeringBarRightRef"/>
        </attacherJoint>
        <attacherJoint node="trailerAttacherJointFront" jointType="trailer" lowerRotLimit="10 70 50" upperRotRotationOffset="0" allowsJointLimitMovement="false" comboTime="0">
            <schema position="1 0" rotation="0" invertX="true"/>
            <objectChange node="bottomArmPart" visibilityActive="false" visibilityInactive="true"/>
        </attacherJoint>
        <sounds>
            <attach template="ATTACH_01" linkNode="pumaCVX_main_component1"/>
            <hydraulic template="DEFAULT_HYDRAULIC_SOUND" linkNode="pumaCVX_main_component1"/>
        </sounds>
    </attacherJoints>
	
	<agribumper>
		<params node="attacherJointFrontArmBottom" filename="agribumper.xml" translation="0 -0.261 0.375" rotation="7 0 0" shaderParameterName="colorMat0" useBaseMaterial="true"/>
			<attacherJoint index="2" startRotation="-7 0 0" />
			<agribumperConfigurations numConfigs="4"><!-- 7 -->	
				<agribumperConfiguration name="configuration_noAgribumper" price="0">
					<objectChange node="agribumper_left" translationInactive="0.09 0 0" />
					<objectChange node="agribumper_right" translationInactive="-0.09 0 0" />
					<objectChange node="agribumper_left_angle" translationInactive="0.29 0.19 0.042" />
					<objectChange node="agribumper_right_angle" translationInactive="-0.29 0.19 0.042" />
					<objectChange node="agribumper_left_angle_short_090" visibilityInactive="true" translationInactive="0 0 0.025" />
					<objectChange node="agribumper_right_angle_short_090" visibilityInactive="true" translationInactive="0 0 0.025" />
					<!-- basic -->
					<objectChange node="agribumper_vis" visibilityActive="false" visibilityInactive="true" />
				</agribumperConfiguration>
				<agribumperConfiguration name="configuration_basicAgribumper" price="2000">
					<objectChange node="pumaCVX_main_component1" massActive="4950" centerOfMassActive="0 0.969 -0.290" />
				</agribumperConfiguration>
				<agribumperConfiguration name="configuration_agribumperWeight900" price="3250">
					<objectChange node="pumaCVX_main_component1" massActive="5450" centerOfMassActive="0 0.937 -0.071" />
					<objectChange node="agribumper_left_weight_1" visibilityActive="true" />
					<objectChange node="agribumper_right_weight_1" visibilityActive="true" />
				</agribumperConfiguration>
				<agribumperConfiguration name="configuration_agribumperWeight1400" price="4500">
					<objectChange node="pumaCVX_main_component1" massActive="5950" centerOfMassActive="0 0.910 0.111" />
					<objectChange node="agribumper_left_weight_1" visibilityActive="true" />
					<objectChange node="agribumper_right_weight_1" visibilityActive="true" />
					<objectChange node="agribumper_left_weight_2" visibilityActive="true" />
					<objectChange node="agribumper_right_weight_2" visibilityActive="true" />
				</agribumperConfiguration>
			</agribumperConfigurations>
	</agribumper>
	
    <powerTakeOffs>
        <output attacherJointIndices="1 3 4" outputNode="ptoOutputBack"/>
        <output attacherJointIndices="2 5" outputNode="ptoOutputFront"/>
    </powerTakeOffs>
	
    <frontloaderConfigurations>
        <frontloaderConfiguration name="$l10n_ui_no" price="0">
            <objectChange node="frontloaderAttacherBlock" visibilityActive="false"/>
        </frontloaderConfiguration>
        <frontloaderConfiguration name="$l10n_ui_yes" price="1500">
            <objectChange node="frontloaderAttacherBlock" visibilityActive="true" visibilityInactive="false"/>
            <attacherJoint node="frontloaderAttacherJoint" jointType="attachableFrontloader" lowerTransLimit="0 0 0" lowerRotLimit="0 0 0" moveTime="2">
                <rotationNode upperRotation="0 0 0" lowerRotation="0 0 0"/>
                <schema position="1 0.4" rotation="0" invertX="true"/>
            </attacherJoint>
        </frontloaderConfiguration>
    </frontloaderConfigurations>
	
	<designConfigurations>
        <designConfiguration name="small_Fender+ Chrom" >
            <objectChange node="0>0|9|9|16|0|0" visibilityActive="true" />
            <objectChange node="0>0|9|9|16|0|1" visibilityActive="false" />
            <objectChange node="0>0|10|9" visibilityActive="false" />
            <objectChange node="0>0|10|13" visibilityActive="true" />
		</designConfiguration>
        <designConfiguration name="small_Fender" >
            <objectChange node="0>0|9|9|16|0|0" visibilityActive="true" />
            <objectChange node="0>0|9|9|16|0|1" visibilityActive="false" />
            <objectChange node="0>0|10|9" visibilityActive="true" />
            <objectChange node="0>0|10|13" visibilityActive="false" />
		</designConfiguration>
        <designConfiguration name="wide_Fender+Chrom" price="150">
            <objectChange node="0>0|9|9|16|0|0" visibilityActive="false" />
            <objectChange node="0>0|9|9|16|0|1" visibilityActive="true" />
			<objectChange node="0>0|10|9" visibilityActive="false" />
            <objectChange node="0>0|10|13" visibilityActive="true" />
        </designConfiguration>
		<designConfiguration name="wide_Fender" price="1250">
            <objectChange node="0>0|9|9|16|0|0" visibilityActive="false" />
            <objectChange node="0>0|9|9|16|0|1" visibilityActive="true" />
			<objectChange node="0>0|10|9" visibilityActive="true" />
            <objectChange node="0>0|10|13" visibilityActive="false" />
        </designConfiguration>
    </designConfigurations>

	
    <enterable isTabbable="true">
        <enterReferenceNode node="pumaCVX_main_component1"/>
        <exitPoint node="exitPoint"/>
        <cameras>
            <camera node="outdoorCamera" rotatable="true" rotateNode="outdoorCameraTarget" limit="true" useWorldXZRotation="true" rotMinX="-1.4" rotMaxX="1" transMin="4" transMax="40" translation="0 0 6" rotation="-20 180 0">
                <raycastNode node="cameraRaycastNode1"/>
                <raycastNode node="cameraRaycastNode2"/>
            </camera>
            <camera node="indoorCamera" rotatable="true" limit="true" rotMinX="-1.1" rotMaxX="0.4" transMin="0" transMax="0" useMirror="true" isInside="true" shadowFocusBox="shadowFocusBox"/>
        </cameras>
		
        <characterNode node="playerSkin" cameraMinDistance="1.5" filename="$dataS2/character/player/player.xml" spineRotation="-90 0 90">
            <target ikChain="rightFoot" targetNode="playerRightFootTarget"/>
            <target ikChain="leftFoot" targetNode="playerLeftFootTarget"/>
            <target ikChain="rightArm" targetNode="playerRightHandTarget"/>
            <target ikChain="leftArm" targetNode="playerLeftHandTarget"/>
        </characterNode>
        <characterTargetNodeModifier node="playerRightHandTarget" transitionTime="0.2">
            <state node="playerRightHandTargetJoystick" referenceNode="frontloaderJoystick"/>
        </characterTargetNodeModifier>
        <characterTargetNodeModifier node="playerRightFootTarget" transitionTime="0.1">
            <state node="playerRightFootTargetGas" referenceNode="gasPedal" directionReferenceNode="playerRightFootTargetGasRef"/>
            <state node="playerRightFootTargetBrake" referenceNode="brakePedal"/>
        </characterTargetNodeModifier>
		
        <mirrors>
            <mirror node="decalMirrorLeft" prio="1"/>
            <mirror node="decalMirrorRight" prio="1"/>
            <mirror node="decalMirrorInterior" prio="2"/>
            <mirror node="decalMirrorBackInterior" prio="2"/>
        </mirrors>
		
        <dashboards>
            <dashboard displayType="NUMBER" valueType="time" numbers="numbersTimeTerminal" precision="2" groups="MOTOR_ACTIVE"/>
            <dashboard displayType="NUMBER" valueType="operatingTime" numbers="numbersWorkingHoursTerminal" precision="1" groups="MOTOR_ACTIVE"/>
        </dashboards>
    </enterable>
	
    <motorized>
        <consumerConfigurations>
            <consumerConfiguration>
                <consumer fillUnitIndex="1" usage="74" fillType="diesel"/>
                <!-- usage is per hour at max load and max rpm -->
                <consumer fillUnitIndex="2" usage="3.0" fillType="def"/>
                <!-- usage is per hour at max load and max rpm -->
                <consumer fillUnitIndex="3" usage="225" fillType="air" permanentConsumption="false" refillLitersPerSecond="300" refillCapacityPercentage="0.5"/>
                <!-- usage per second at full brake power -->
            </consumerConfiguration>
        </consumerConfigurations>
		
        <differentialConfigurations>
            <differentialConfiguration>
                <differentials>
                    <differential torqueRatio="0.5" maxSpeedRatio="1" wheelIndex1="1" wheelIndex2="2"/>
                    <!-- front left-right -->
                    <differential torqueRatio="0.5" maxSpeedRatio="1" wheelIndex1="3" wheelIndex2="4"/>
                    <!-- back left-right -->
                    <differential torqueRatio="0.5" maxSpeedRatio="1" differentialIndex1="1" differentialIndex2="2"/>
                    <!-- front-back -->
                </differentials>
            </differentialConfiguration>
        </differentialConfigurations>
		
        <motorConfigurations>
            <motorConfiguration name="Puma 185 CVX" hp="225" price="0">
                <motor torqueScale="0.840" minRpm="850" maxRpm="2200" maxForwardSpeed="52" maxBackwardSpeed="12.9" brakeForce="7" lowBrakeForceScale="0.22" rotInertia="0.002">
                    <torque normRpm="0.152" torque="0.587"/>
					<torque normRpm="0.304" torque="0.808"/>
					<torque normRpm="0.391" torque="0.89"/>
					<torque normRpm="0.435" torque="0.923"/>
					<torque normRpm="0.478" torque="0.951"/>
					<torque normRpm="0.522" torque="0.972"/>
					<torque normRpm="0.565" torque="0.988"/>
					<torque normRpm="0.609" torque="0.997"/>
					<torque normRpm="0.652" torque="1"/>
					<torque normRpm="0.696" torque="0.98"/>
					<torque normRpm="0.739" torque="0.956"/>
					<torque normRpm="0.783" torque="0.925"/>
					<torque normRpm="0.804" torque="0.901"/>
					<torque normRpm="0.826" torque="0.878"/>
					<torque normRpm="0.848" torque="0.855"/>
					<torque normRpm="0.87" torque="0.834"/>
					<torque normRpm="0.891" torque="0.814"/>
					<torque normRpm="0.913" torque="0.795"/>
					<torque normRpm="0.935" torque="0.777"/>
					<torque normRpm="0.957" torque="0.76"/>
					<torque normRpm="0.978" torque="0.607"/>
					<torque normRpm="1" torque="0"/>
                </motor>
                <transmission minForwardGearRatio="14.3" maxForwardGearRatio="300" minBackwardGearRatio="32" maxBackwardGearRatio="300"/>
                <objectChange node="cvx185_engine_decal" visibilityActive="true" visibilityInactive="false"/>
                <objectChange node="cvx185RoofDecal" visibilityActive="true" visibilityInactive="false"/>
            </motorConfiguration>
			<motorConfiguration name="Puma 200 CVX" hp="245" price="10000">
                <motor torqueScale="0.930" minRpm="850" maxRpm="2200" maxForwardSpeed="52" maxBackwardSpeed="12.9" brakeForce="7" lowBrakeForceScale="0.22" rotInertia="0.002">
				<torque normRpm="0.152" torque="0.587"/>
				<torque normRpm="0.304" torque="0.808"/>
				<torque normRpm="0.391" torque="0.89"/>
				<torque normRpm="0.435" torque="0.923"/>
				<torque normRpm="0.478" torque="0.951"/>
				<torque normRpm="0.522" torque="0.972"/>
				<torque normRpm="0.565" torque="0.988"/>
				<torque normRpm="0.609" torque="0.997"/>
				<torque normRpm="0.652" torque="1"/>
				<torque normRpm="0.696" torque="0.98"/>
				<torque normRpm="0.739" torque="0.955"/>
				<torque normRpm="0.783" torque="0.919"/>
				<torque normRpm="0.804" torque="0.895"/>
				<torque normRpm="0.826" torque="0.872"/>
				<torque normRpm="0.848" torque="0.85"/>
				<torque normRpm="0.87" torque="0.829"/>
				<torque normRpm="0.891" torque="0.809"/>
				<torque normRpm="0.913" torque="0.79"/>
				<torque normRpm="0.935" torque="0.772"/>
				<torque normRpm="0.957" torque="0.755"/>
				<torque normRpm="0.978" torque="0.609"/>
				<torque normRpm="1" torque="0"/>
				</motor>
                <transmission minForwardGearRatio="14.3" maxForwardGearRatio="300" minBackwardGearRatio="32" maxBackwardGearRatio="300"/>
                <objectChange node="cvx200_engine_decal" visibilityActive="true" visibilityInactive="false"/>
                <objectChange node="cvx200RoofDecal" visibilityActive="true" visibilityInactive="false"/>
            </motorConfiguration>
            <motorConfiguration name="Puma 240 CVX" hp="270" price="15000">
                <motor torqueScale="1.0" minRpm="850" maxRpm="2200" maxForwardSpeed="52" maxBackwardSpeed="12.9" brakeForce="7" lowBrakeForceScale="0.22" rotInertia="0.002">
				<torque normRpm="0.152" torque="0.587"/>
				<torque normRpm="0.304" torque="0.808"/>
				<torque normRpm="0.391" torque="0.89"/>
				<torque normRpm="0.435" torque="0.923"/>
				<torque normRpm="0.478" torque="0.951"/>
				<torque normRpm="0.522" torque="0.972"/>
				<torque normRpm="0.565" torque="0.988"/>
				<torque normRpm="0.609" torque="0.997"/>
				<torque normRpm="0.652" torque="1"/>
				<torque normRpm="0.696" torque="0.981"/>
				<torque normRpm="0.739" torque="0.957"/>
				<torque normRpm="0.783" torque="0.928"/>
				<torque normRpm="0.804" torque="0.908"/>
				<torque normRpm="0.826" torque="0.885"/>
				<torque normRpm="0.848" torque="0.862"/>
				<torque normRpm="0.87" torque="0.841"/>
				<torque normRpm="0.891" torque="0.821"/>
				<torque normRpm="0.913" torque="0.802"/>
				<torque normRpm="0.935" torque="0.784"/>
				<torque normRpm="0.957" torque="0.766"/>
				<torque normRpm="0.978" torque="0.623"/>
				<torque normRpm="1" torque="0"/>
				</motor>
                <transmission minForwardGearRatio="14.3" maxForwardGearRatio="300" minBackwardGearRatio="32" maxBackwardGearRatio="300"/>
                <objectChange node="cvx240_engine_decal" visibilityActive="true" visibilityInactive="false"/>
                <objectChange node="cvx240RoofDecal" visibilityActive="true" visibilityInactive="false"/>
            </motorConfiguration>
        </motorConfigurations>
		
        <exhaustEffects>
            <exhaustEffect node="exhaustParticleLinkNode" filename="$data/particleSystems/shared/exhaust.i3d" minRpmColor="0.9 0.9 0.9 0.1" maxRpmColor="0.9 0.9 0.9 0.4" minRpmScale="0.05" maxRpmScale="0.5" xzRotationsOffset="-180 0" xzRotationsForward="0 300" xzRotationsBackward="150 0" xzRotationsLeft="20 80" xzRotationsRight="40 -200"/>
        </exhaustEffects>
        <motorStartDuration>2700</motorStartDuration>
		
        <dashboards>
            <dashboard displayType="NUMBER" valueType="rpm" numbers="numbersRpmPillar" precision="0" groups="MOTOR_ACTIVE"/>
            <dashboard displayType="NUMBER" valueType="speed" numbers="numbersSpeedPillar" precision="2" groups="MOTOR_ACTIVE"/>
            <dashboard displayType="NUMBER" valueType="rpm" numbers="numbersRpmTerminal" precision="0" groups="MOTOR_ACTIVE"/>
            <dashboard displayType="NUMBER" valueType="speed" numbers="numbersSpeedTerminal" precision="1" groups="MOTOR_ACTIVE"/>
            <dashboard displayType="NUMBER" valueType="fuelUsage" numbers="numbersFuelUsageTerminal" precision="1" groups="MOTOR_ACTIVE"/>
            <dashboard displayType="ANIMATION" valueType="motorTemperature" animName="tempDisplay" minValueAnim="20" maxValueAnim="120" groups="MOTOR_ACTIVE"/>
        </dashboards>
        <sounds externalSoundFile="sounds/case_puma.xml" />
    </motorized>
	
    <drivable>
        <sounds>
            <waterSplash template="WATER_SPLASH_01" linkNode="pumaCVX_main_component1"/>
        </sounds>
        <steeringWheel node="steeringWheel" indoorRotation="540" outdoorRotation="50"/>
        <dashboards>
            <dashboard displayType="NUMBER" valueType="cruiseControl" numbers="numbersSpeedCCTerminal" precision="1" groups="MOTOR_ACTIVE"/>
            <dashboard displayType="ROT" valueType="accelerationAxis" node="gasPedal" minRot="0 0 0" maxRot="-15 0 0" doInterpolation="true" groups="MOTOR_ACTIVE"/>
            <dashboard displayType="ROT" valueType="decelerationAxis" node="brakePedal" minRot="0 0 0" maxRot="-20 0 0" doInterpolation="true" groups="MOTOR_ACTIVE"/>
        </dashboards>
    </drivable>
	
	
	<simpleIC outsideInteractionTrigger="simpleICLSF_playerTrigger" >
		
		<!-- Öffnen der linken Tür -->
		<animation animationName="leftDoor" animationSpeed="1" sharedAnimation="false" soundVolumeIncreasePercentage="10.0" >
			<outsideTrigger triggerPoint="simpleICLSF_moveLeftDoor_Outside" triggerPointSize="0.04" />
			<insideTrigger triggerPoint="simpleICLSF_moveLeftDoor_Inside" triggerPointSize="0.04" />
		</animation>
		
		<!-- Öffnen der Heckscheibe -->
		<animation animationName="openRearWindow" animationSpeed="0.5" sharedAnimation="false" soundVolumeIncreasePercentage="10.0" >
			<insideTrigger triggerPoint="simpleICLSF_moveBackWindow" triggerPointSize="0.04" />
		</animation>
		<animation animationName="rightDoor" animationSpeed="1" sharedAnimation="false" soundVolumeIncreasePercentage="10.0" >
			<insideTrigger triggerPoint="simpleICLSF_moveRightDoor_Inside" triggerPointSize="0.04" />
		</animation>
		<animation animationName="backWindow" animationSpeed="0.5" sharedAnimation="false" soundVolumeIncreasePercentage="10.0" >
			<insideTrigger triggerPoint="simpleICLSF_moveBackWindow" triggerPointSize="0.04" />
		</animation>
		<animation animationName="Beifahrer" animationSpeed="0.5" sharedAnimation="false" soundVolumeIncreasePercentage="10.0" >
			<insideTrigger triggerPoint="simpleICLSF_moveRightSitz_inside" triggerPointSize="0.04" />
		</animation>
		<animation animationName="roof" animationSpeed="0.5" sharedAnimation="false" soundVolumeIncreasePercentage="10.0" >
			<insideTrigger triggerPoint="simpleICLSF_moveRoofWindow" triggerPointSize="0.04" />
		</animation>
		
		
		<cylinderAnimations>
		    <cylinder node1="simpleICLSF_ZylinderLcab" node2="simpleICLSF_ZylinderLfenster" />
			<cylinder node1="simpleICLSF_ZylinderRcab" node2="simpleICLSF_ZylinderRfenster" />
	    </cylinderAnimations>

		
	</simpleIC>
	
    <animations>
        <animation name="fuelDisplay">
            <part node="indoorHudFuelNeedlePillar" startTime="0" endTime="1" startRot="0 0 0" endRot="-113 0 0"/>
        </animation>
        <animation name="tempDisplay">
            <part node="indoorHudTempNeedlePillar" startTime="0" endTime="1" startRot="0 0 0" endRot="-113 0 0"/>
        </animation>
        <animation name="wiperFrontAnimation">
            <part node="wiperFront" startTime="0.0" endTime="0.5" startRot="0 0 -45" endRot="-6 0 0"/>
            <part node="wiperFront" startTime="0.5" endTime="1.0" startRot="-6 0 0" endRot="0 0 45"/>
            <part node="wiperFront" startTime="1.0" endTime="1.5" startRot="0 0 45" endRot="-6 0 0"/>
            <part node="wiperFront" startTime="1.5" endTime="2.0" startRot="-6 0 0" endRot="0 0 -45"/>
        </animation>
        <animation name="wiperBackAnimation">
            <part node="wiperBack" startTime="0.0" endTime="0.5" startRot="0 -2.5 -21" endRot="0 1.5 -90"/>
            <part node="wiperBack" startTime="0.5" endTime="1.0" startRot="0 1.5 -90" endRot="0 -2.5 -159"/>
            <part node="wiperBack" startTime="1.0" endTime="1.5" startRot="0 -2.5 -159" endRot="0 1.5 -90"/>
            <part node="wiperBack" startTime="1.5" endTime="2.1" startRot="0 1.5 -90" endRot="0 -2.5 -21"/>
        </animation>
		
		<animation name="leftDoor">
			<part node="0>0|9|10|0" startTime="0" endTime="2" startRot="0 0 0" endRot="-4.5 36 4"/>
		</animation>
        <animation name="rightDoor">
			<part node="0>0|9|10|1" startTime="0.5" endTime="2" startRot="0 0 0" endRot="-0.562 -5 -1.367"/>
			<part node="0>0|9|10|1|0" startTime="0" endTime="0.5" startRot="0 0 0" endRot="0 0 40"/>
		</animation>
        <animation name="backWindow">
			<part node="0>0|9|10|2" startTime="0.5" endTime="2" startRot="0 0 0" endRot="45 0 0" />
			<part node="0>0|9|10|2|1|0" startTime="0" endTime="0.5" startRot="0 0 0" endRot="0 0 -80"/>
		</animation>
		<animation name="roof">
			<part node="0>0|9|10|3" startTime="0" endTime="1" startRot="0 0 0" endRot="10 0 0"/>
		</animation>
		<animation name="Beifahrer">
			<part node="0>0|9|10|6|0" startTime="0" endTime="1" startRot="0 0 0" endRot="93 0 0"/>
		</animation>
    </animations>
	
    <cylindered>
        <movingTools>
            <movingTool node="attacherJointBackArmBottom">
                <dependentPart node="mainArm"/>
            </movingTool>
            <movingTool node="attacherJointFrontArmBottom">
                <dependentPart node="hydraulicFront"/>
            </movingTool>
			<!--left door-->
			<movingTool node="0>0|9|10|0">
                <dependentPart node="0>0|9|10|4"/>
            </movingTool>
			<!--back Window-->
			<movingTool node="0>0|9|10|2">
                <dependentPart node="0>0|9|10|2|5"/>
				<dependentPart node="0>0|9|10|2|6"/>
            </movingTool>
        </movingTools>
		
        <movingParts>
            <movingPart node="hydraulicFront" referencePoint="hydraulicFrontRef" referenceFrame="hydraulicFrontRefFrame">
                <translatingPart node="hydraulicFrontPunch"/>
            </movingPart>
            <movingPart node="mainArm" referencePoint="mainArmRef" localReferencePoint="mainArmPart" referenceFrame="attacherJointBackArmBottomLink">
                <dependentPart node="mainArmPart"/>
            </movingPart>
            <movingPart node="mainArmPart" referencePoint="mainArmRef" referenceFrame="hydraulicFrontRefFrame">
                <dependentPart node="hydraulicMainArm"/>
                <dependentPart node="stabilizer"/>
            </movingPart>
            <movingPart node="hydraulicMainArm" referencePoint="hydraulicMainArmRef" referenceFrame="hydraulicFrontRefFrame">
                <translatingPart node="hydraulicMainArmPunch"/>
            </movingPart>
            <movingPart node="stabilizer" referencePoint="stabilizerRef" referenceFrame="attacherJointBackArmBottomLink"/>
            <movingPart node="steeringBar" referencePoint="steeringBarRef" referenceFrame="steeringBarRef" isActiveDirty="true" scaleZ="true"/>
            <movingPart node="hydraulicSteeringLeft" referencePoint="hydraulicSteeringLeftRef" referenceFrame="hydraulicSteeringLeftRef" isActiveDirty="true">
                <translatingPart node="hydraulicSteeringLeftPunch"/>
            </movingPart>
            <movingPart node="hydraulicSteeringRight" referencePoint="hydraulicSteeringRightRef" referenceFrame="hydraulicSteeringRightRef" isActiveDirty="true">
                <translatingPart node="hydraulicSteeringRightPunch"/>
            </movingPart>
			
			<!-- door -->
			<movingPart node="0>0|9|10|4" referencePoint="0>0|9|10|0|1" referenceFrame="0>0|9|10|0|1">
				<translatingPart node="0>0|9|10|4|0" />
			</movingPart>
			<!-- backleft -->
			<!--
			<movingPart node="0>0|9|10|2|5" referencePoint="0>0|9|10|5|0" referenceFrame="0>0|9|10|5|0" >
				<translatingPart node="0>0|9|10|2|5|0" />
			</movingPart>
			-->
		
			<!-- backright -->
			<movingPart node="0>0|9|10|2|6" referencePoint="0>0|9|10|5|1" referenceFrame="0>0|9|10|5|1" >
				<translatingPart node="0>0|9|10|2|6|0" />
			</movingPart>
        </movingParts>
		
        <sounds>
            <hydraulic template="DEFAULT_HYDRAULIC_SOUND" linkNode="pumaCVX_main_component1"/>
        </sounds>
		
        <dashboards>
            <dashboard displayType="ROT" valueType="movingTool" node="frontloaderJoystick" rotAxis="1" minRot="-15" maxRot="15" axis="AXIS_FRONTLOADER_ARM" attacherJointIndex="6" doInterpolation="true" groups="MOTOR_ACTIVE"/>
            <dashboard displayType="ROT" valueType="movingTool" node="frontloaderJoystick" rotAxis="3" minRot="-15" maxRot="15" axis="AXIS_FRONTLOADER_TOOL" attacherJointIndex="6" doInterpolation="true" groups="MOTOR_ACTIVE"/>
        </dashboards>
    </cylindered>
	
    <wipers>
        <wiper animName="wiperFrontAnimation">
            <state animSpeed="1.0" animPause="2.0"/>
            <state animSpeed="1.0" animPause="1.0"/>
            <state animSpeed="1.0" animPause="0.0"/>
            <state animSpeed="1.5" animPause="0.0"/>
        </wiper>
        <wiper animName="wiperBackAnimation">
            <state animSpeed="1.0" animPause="2.0"/>
            <state animSpeed="1.0" animPause="1.0"/>
            <state animSpeed="1.0" animPause="0.0"/>
            <state animSpeed="1.5" animPause="0.0"/>
        </wiper>
    </wipers>
	
    <connectionHoses>
        <target attacherJointIndices="1 3 4" type="hydraulicIn" node="hydraulic01_in"/>
        <target attacherJointIndices="1 3 4" type="hydraulicOut" node="hydraulic01_out"/>
        <target attacherJointIndices="1 3 4" type="hydraulicIn" node="hydraulic02_in"/>
        <target attacherJointIndices="1 3 4" type="hydraulicOut" node="hydraulic02_out"/>
        <target attacherJointIndices="1 3 4" type="hydraulicIn" node="hydraulic03_in"/>
        <target attacherJointIndices="1 3 4" type="hydraulicOut" node="hydraulic03_out"/>
        <target attacherJointIndices="1 3 4" type="hydraulicIn" node="hydraulic04_in"/>
        <target attacherJointIndices="1 3 4" type="hydraulicOut" node="hydraulic04_out"/>
        <target attacherJointIndices="1 3 4" type="hydraulicIn" node="hydraulic05_in"/>
        <target attacherJointIndices="1 3 4" type="hydraulicOut" node="hydraulic05_out"/>
        <target attacherJointIndices="2 5" type="hydraulicIn" node="hydraulic06_in" socket="hydraulic01"/>
        <target attacherJointIndices="2 5" type="hydraulicOut" node="hydraulic06_out" socket="hydraulic01"/>
        <target attacherJointIndices="1 3 4" type="electric" node="backElectric"/>
        <target attacherJointIndices="2 5" type="electric" node="frontElectric" socket="electric"/>
        <target attacherJointIndices="1 3 4" type="airDoubleRed" node="airDoubleOrange"/>
        <target attacherJointIndices="1 3 4" type="airDoubleYellow" node="airDoubleYellow"/>
        <toolConnectorHose mountingNode="rightPipe">
            <startTarget attacherJointIndices="2 5" type="TOOL_CONNECTOR_TOP_RIGHT" node="rightPipe_frontConnector"/>
            <endTarget attacherJointIndices="1 2 4" type="TOOL_CONNECTOR_TOP_RIGHT" node="rightPipe_backConnector"/>
        </toolConnectorHose>
        <toolConnectorHose mountingNode="bottomPipe01">
            <startTarget attacherJointIndices="2 5" type="TOOL_CONNECTOR_BOTTOM_01" node="bottomPipe01_frontConnector"/>
            <endTarget attacherJointIndices="1 3 4" type="TOOL_CONNECTOR_BOTTOM_01" node="bottomPipe01_backConnector"/>
        </toolConnectorHose>
        <toolConnectorHose mountingNode="bottomPipe02">
            <startTarget attacherJointIndices="2 5" type="TOOL_CONNECTOR_BOTTOM_02" node="bottomPipe02_frontConnector"/>
            <endTarget attacherJointIndices="1 3 4" type="TOOL_CONNECTOR_BOTTOM_02" node="bottomPipe02_backConnector"/>
        </toolConnectorHose>
        <toolConnectorHose mountingNode="bottomPipe03">
            <startTarget attacherJointIndices="2 5" type="TOOL_CONNECTOR_BOTTOM_03" node="bottomPipe03_frontConnector"/>
            <endTarget attacherJointIndices="1 3 4" type="TOOL_CONNECTOR_BOTTOM_03" node="bottomPipe03_backConnector"/>
        </toolConnectorHose>
        <toolConnectorHose mountingNode="bottomPipe04">
            <startTarget attacherJointIndices="2 5" type="TOOL_CONNECTOR_BOTTOM_04" node="bottomPipe04_frontConnector"/>
            <endTarget attacherJointIndices="1 3 4" type="TOOL_CONNECTOR_BOTTOM_04" node="bottomPipe04_backConnector"/>
        </toolConnectorHose>
    </connectionHoses>
	
    <suspensions>
        <suspension node="cabinSuspension" weight="400" minRotation="-5 0 -5" maxRotation="5 0 5" suspensionParametersX="200 17" suspensionParametersZ="200 17"/>
        <suspension node="seatSuspension" weight="150" minTranslation="-0.05 -0.15 0.0" maxTranslation="0.05 0.15 0.0" suspensionParametersX="20 4" suspensionParametersY="5 1" suspensionParametersZ="20 4"/>
        <suspension useCharacterTorso="true" weight="90" minRotation="0 -5 -5" maxRotation="0 5 5" suspensionParametersY="7 1" suspensionParametersZ="7 1"/>
    </suspensions>
	
    <fillUnit>
        <fillUnitConfigurations>
            <fillUnitConfiguration>
                <fillUnits>
                    <fillTrigger>
                        <fillSound template="DEFAULT_REFUEL_SOUND" linkNode="pumaCVX_main_component1"/>
                    </fillTrigger>
                    <fillUnit unit="$l10n_unit_literShort" showOnHud="false" showInShop="false" fillTypes="diesel" capacity="390">
                        <dashboard displayType="ANIMATION" valueType="fillLevel" animName="fuelDisplay" groups="MOTOR_ACTIVE"/>
                    </fillUnit>
                    <fillUnit unit="$l10n_unit_literShort" showOnHud="false" showInShop="false" fillTypes="def" capacity="48"/>
                    <fillUnit unit="$l10n_unit_literShort" showOnHud="false" showInShop="false" fillTypes="air" capacity="3000"/>
                </fillUnits>
            </fillUnitConfiguration>
        </fillUnitConfigurations>
    </fillUnit>
	
    <honk>
        <sound template="HONK_FENDT511C" linkNode="pumaCVX_main_component1"/>
    </honk>
	
    <dashboard>
        <groups>
            <group name="MOTOR_STARTING" isMotorStarting="true"/>
            <group name="MOTOR_ACTIVE" isMotorStarting="true" isMotorRunning="true"/>
        </groups>
        <default>
			<dashboard displayType="EMITTER" node="dashboardTerminal_decal" idleValue="-1" intensity="0.2" groups="MOTOR_ACTIVE"/>
            <dashboard displayType="VISIBILITY" node="numbersSpeedPillar" groups="MOTOR_ACTIVE"/>
            <dashboard displayType="VISIBILITY" node="numbersRpmPillar" groups="MOTOR_ACTIVE"/>
            <dashboard displayType="VISIBILITY" node="indoorHuds" groups="MOTOR_ACTIVE"/>
        </default>
    </dashboard>
	
    <ai>
        <collisionTrigger node="aiCollisionTrigger"/>
    </ai>
	
    <foliageBending>
        <bendingNode minX="-1.1" maxX="1.1" minZ="-0.35" maxZ="2.35" yOffset="0.6"/>
        <bendingNode minX="-1.1" maxX="1.1" minZ="-2.3" maxZ="-0.35" yOffset="0.6"/>
    </foliageBending>
	
    <baseMaterial>
        <material name="CVX_mat" baseNode="pumacvx_vis">
            <shaderParameter name="colorMat0" value="CASEIH_RED1"/>
        </material>
		<material name="Dach_mat" baseNode="0>0|9|9|19">
            <shaderParameter name="colorMat0" value="CASEIH_RED1"/>
        </material>
		<material name="pumaCVX_mat" baseNode="0>0|10|6">
            <shaderParameter name="colorMat0" value="CASEIH_RED1"/>
        </material>
    </baseMaterial>
	
	<baseMaterialConfigurations useDefaultColors="false">
        <baseMaterialConfiguration name="Standard" color="CASEIH_RED1" />
		<baseMaterialConfiguration color="CASEIH_RED1" material="1" />
		<baseMaterialConfiguration color="0.2961 0.0061 0.0061" />
		<baseMaterialConfiguration color="JENZ_GREEN1" />
		<baseMaterialConfiguration color="JENZ_RED1" />
		<baseMaterialConfiguration color="SHARED_BLACK6" />
		<baseMaterialConfiguration color="0.5776 0.5776 0.5776" material="18" />
		<baseMaterialConfiguration name="Blackbeast" material="1" color="0 0 0" price="18400"/>
		<baseMaterialConfiguration name="old2" material="6" color="0.6054842999 0.009696328702 0.02201299492" price="0"/>
		
        <material name="pumaCVX_mat" shaderParameter="colorMat0" />
		<material name="Dach_mat" shaderParameter="colorMat0" />
		<material name="CVX_mat" shaderParameter="colorMat0" />
    </baseMaterialConfigurations>

	<rimColorConfigurations useDefaultColors="false" price="200">
		<rimColorConfiguration name="standard" color="0.294 0.294 0.294" price="0"/>
		<rimColorConfiguration name="Silber" color="SHARED_GREY1" price="0"/>
		<rimColorConfiguration name="Weiss ROUGH" color="0.95 0.95 0.95" material="18" price="0"/>
		<rimColorConfiguration name="SILBER ROUGH" color="0.5776 0.5776 0.5776" material="18" price="0"/>			
		<rimColorConfiguration name="Grau" color="SHARED_BLACK6" />
        <colorNode node="wheels"/>
    </rimColorConfigurations>


    <wearable wearDuration="480" workMultiplier="5" fieldMultiplier="2"/>
    <washable dirtDuration="90" washDuration="1" workMultiplier="3" fieldMultiplier="2"/>
	
    <i3dMappings>
        <i3dMapping id="pumaCVX_main_component1" node="0>"/>
        <i3dMapping id="pumacvx_vis" node="0>0"/>
        <i3dMapping id="wheelBackLeft" node="0>0|0|0"/>
        <i3dMapping id="wheelBackRight" node="0>0|0|1"/>
        <i3dMapping id="frontAxisComponentJoint" node="0>0|0|2"/>
        <i3dMapping id="outdoorCameraTarget" node="0>0|1|0"/>
        <i3dMapping id="outdoorCamera" node="0>0|1|0|0"/>
        <i3dMapping id="indoorCamera" node="0>0|9|0|8"/>
        <i3dMapping id="cameraRaycastNode1" node="0>0|1|2"/>
        <i3dMapping id="cameraRaycastNode2" node="0>0|1|3"/>
        <i3dMapping id="shadowFocusBox" node="0>0|1|4"/>
        <i3dMapping id="Front_light_02_static" node="0>0|2|0|0"/>
        <i3dMapping id="Front_Light_01_static" node="0>0|2|0|1"/>
        <i3dMapping id="frontLightLow" node="0>0|2|1|0"/>
        <i3dMapping id="highBeamLow" node="0>0|2|1|1"/>
        <i3dMapping id="frontLightHigh" node="0>0|2|1|2"/>
        <i3dMapping id="frontLightHigh1" node="0>0|2|1|2|0"/>
        <i3dMapping id="highBeamHigh" node="0>0|2|1|3"/>
        <i3dMapping id="workLightFrontLow" node="0>0|2|2|0"/>
        <i3dMapping id="workLightBackHigh" node="0>0|2|2|1"/>
        <i3dMapping id="workLightBackLow" node="0>0|2|2|2"/>
        <i3dMapping id="workLightFrontHigh" node="0>0|2|2|3"/>
        <i3dMapping id="backLightsHigh" node="0>0|2|3|0"/>
        <i3dMapping id="turnLightLeftFront" node="0>0|2|4|0"/>
        <i3dMapping id="turnLightLeftBack" node="0>0|2|4|0|0"/>
        <i3dMapping id="turnLightRightFront" node="0>0|2|4|1"/>
        <i3dMapping id="turnLightRightBack" node="0>0|2|4|1|0"/>
        <i3dMapping id="exitPoint" node="0>0|3"/>
        <i3dMapping id="attacherJointBackRot" node="0>0|4|0|0"/>
        <i3dMapping id="attacherJointBackRot2" node="0>0|4|0|0|0"/>
        <i3dMapping id="attacherJointBack" node="0>0|4|0|0|0|0"/>
        <i3dMapping id="attacherJointBackArmBottom" node="0>0|4|0|1"/>
        <i3dMapping id="attacherJointBackArmBottomLink" node="0>0|4|0|1|0"/>
        <i3dMapping id="referencePointBackBottom" node="0>0|4|0|1|0|0"/>
        <i3dMapping id="mainArmRef" node="0>0|4|0|1|0|1"/>
        <i3dMapping id="stabilizerRef" node="0>0|4|0|1|0|2"/>
        <i3dMapping id="attacherJointBackArmTop" node="0>0|4|0|2"/>
        <i3dMapping id="attacherJointFrontRot" node="0>0|4|0|3"/>
        <i3dMapping id="attacherJointFrontRot2" node="0>0|4|0|3|0"/>
        <i3dMapping id="attacherJointFront" node="0>0|4|0|3|0|0"/>
        <i3dMapping id="attacherJointFrontArmBottom" node="0>0|4|0|4"/>
        <i3dMapping id="attacherJointFrontArmBottomLink" node="0>0|4|0|4|0"/>
        <i3dMapping id="referencePointFrontBottom" node="0>0|4|0|4|0|0"/>
        <i3dMapping id="hydraulicFrontRef" node="0>0|4|0|4|0|1"/>
        <i3dMapping id="bottomArmPart" node="0>0|4|0|4|0|2"/>
        <i3dMapping id="attacherJointFrontArmTop" node="0>0|4|0|5"/>
        <i3dMapping id="trailerBackTransNode" node="0>0|4|1|0"/>
        <i3dMapping id="trailerAttacherJointBack" node="0>0|4|1|0|0"/>
        <i3dMapping id="trailerLowTransNode" node="0>0|4|1|1"/>
        <i3dMapping id="trailerAttacherJointBackLow" node="0>0|4|1|1|0"/>
        <i3dMapping id="steeringBarLeftRef" node="0>0|4|1|1|1"/>
        <i3dMapping id="steeringBarRightRef" node="0>0|4|1|1|2"/>
        <i3dMapping id="trailerAttacherJointFront" node="0>0|4|1|2"/>
        <i3dMapping id="ptoOutputBack" node="0>0|4|2|0"/>
        <i3dMapping id="ptoOutputFront" node="0>0|4|2|1"/>
        <i3dMapping id="frontloaderAttacherBlock" node="0>0|4|3|0"/>
        <i3dMapping id="frontloaderAttacherJoint" node="0>0|4|3|0|0"/>
        <i3dMapping id="hydraulic01_in" node="0>0|4|4|0"/>
        <i3dMapping id="hydraulic01_out" node="0>0|4|4|1"/>
        <i3dMapping id="hydraulic02_in" node="0>0|4|4|2"/>
        <i3dMapping id="hydraulic02_out" node="0>0|4|4|3"/>
        <i3dMapping id="hydraulic03_in" node="0>0|4|4|4"/>
        <i3dMapping id="hydraulic03_out" node="0>0|4|4|5"/>
        <i3dMapping id="hydraulic04_in" node="0>0|4|4|6"/>
        <i3dMapping id="hydraulic04_out" node="0>0|4|4|7"/>
        <i3dMapping id="hydraulic05_in" node="0>0|4|4|8"/>
        <i3dMapping id="hydraulic05_out" node="0>0|4|4|9"/>
        <i3dMapping id="hydraulic06_out" node="0>0|4|4|10"/>
        <i3dMapping id="hydraulic06_in" node="0>0|4|4|11"/>
        <i3dMapping id="rightPipe" node="0>0|4|4|12"/>
        <i3dMapping id="rightPipe_frontConnector" node="0>0|4|4|12|0"/>
        <i3dMapping id="rightPipe_backConnector" node="0>0|4|4|12|1"/>
        <i3dMapping id="bottomPipe01" node="0>0|4|4|13"/>
        <i3dMapping id="bottomPipe01_frontConnector" node="0>0|4|4|13|0"/>
        <i3dMapping id="bottomPipe01_backConnector" node="0>0|4|4|13|1"/>
        <i3dMapping id="bottomPipe02" node="0>0|4|4|14"/>
        <i3dMapping id="bottomPipe02_frontConnector" node="0>0|4|4|14|0"/>
        <i3dMapping id="bottomPipe02_backConnector" node="0>0|4|4|14|1"/>
        <i3dMapping id="bottomPipe03" node="0>0|4|4|15"/>
        <i3dMapping id="bottomPipe03_frontConnector" node="0>0|4|4|15|0"/>
        <i3dMapping id="bottomPipe03_backConnector" node="0>0|4|4|15|1"/>
        <i3dMapping id="bottomPipe04" node="0>0|4|4|16"/>
        <i3dMapping id="bottomPipe04_frontConnector" node="0>0|4|4|16|0"/>
        <i3dMapping id="bottomPipe04_backConnector" node="0>0|4|4|16|1"/>
        <i3dMapping id="backElectric" node="0>0|4|4|17"/>
        <i3dMapping id="airDoubleOrange" node="0>0|4|4|18"/>
        <i3dMapping id="airDoubleYellow" node="0>0|4|4|19"/>
        <i3dMapping id="frontElectric" node="0>0|4|4|20"/>
        <i3dMapping id="aiCollisionTrigger" node="0>0|5|0"/>
        <i3dMapping id="exhaustParticleLinkNode" node="0>0|6"/>
        <i3dMapping id="hydraulicFront" node="0>0|7|0"/>
        <i3dMapping id="hydraulicFrontPunch" node="0>0|7|0|0"/>
        <i3dMapping id="decalsHydraulicFront" node="0>0|7|0|1"/>
        <i3dMapping id="mainArm" node="0>0|7|1"/>
        <i3dMapping id="mainArmPart" node="0>0|7|1|0"/>
        <i3dMapping id="hydraulicMainArmRef" node="0>0|7|1|1"/>
        <i3dMapping id="hydraulicMainArm" node="0>0|7|2"/>
        <i3dMapping id="hydraulicMainArmPunch" node="0>0|7|2|0"/>
        <i3dMapping id="stabilizer" node="0>0|7|3"/>
        <i3dMapping id="hydraulicFrontRefFrame" node="0>0|7|4"/>
        <i3dMapping id="cvx185_engine_decal" node="0>0|8|0"/>
        <i3dMapping id="cvx200_engine_decal" node="0>0|8|1"/>
        <i3dMapping id="cvx240_engine_decal" node="0>0|8|2"/>
        <i3dMapping id="cabinSuspension" node="0>0|9"/>
        <i3dMapping id="seatSuspension" node="0>0|9|0"/>
        <i3dMapping id="playerSkin" node="0>0|9|0|0"/>
        <i3dMapping id="frontloaderJoystick" node="0>0|9|0|1|0"/>
        <i3dMapping id="playerRightHandTargetJoystick" node="0>0|9|0|1|0|0"/>
        <i3dMapping id="interiorScreenLight" node="0>0|9|0|2"/>
        <i3dMapping id="cabinLightDecal" node="0>0|9|0|3"/>
        <i3dMapping id="indoorHuds" node="0>0|9|0|6"/>
        <i3dMapping id="numbersSpeedCCTerminal" node="0>0|9|0|6|0"/>
        <i3dMapping id="numbersSpeedTerminal" node="0>0|9|0|6|1"/>
        <i3dMapping id="numbersRpmTerminal" node="0>0|9|0|6|2"/>
        <i3dMapping id="numbersTimeTerminal" node="0>0|9|0|6|3"/>
        <i3dMapping id="numbersWorkingHoursTerminal" node="0>0|9|0|6|4"/>
        <i3dMapping id="numbersFuelUsageTerminal" node="0>0|9|0|6|5"/>
        <i3dMapping id="dashboardTerminal_decal" node="0>0|9|0|7"/>
        <i3dMapping id="steeringBase" node="0>0|9|1"/>
        <i3dMapping id="steeringWheel" node="0>0|9|1|0"/>
        <i3dMapping id="playerLeftHandTarget" node="0>0|9|1|0|0"/>
        <i3dMapping id="playerRightHandTarget" node="0>0|9|1|0|1"/>
        <i3dMapping id="decalMirrorLeft" node="0>0|9|2|0"/>
        <i3dMapping id="decalMirrorRight" node="0>0|9|2|1"/>
        <i3dMapping id="decalMirrorInterior" node="0>0|9|2|2"/>
        <i3dMapping id="decalMirrorBackInterior" node="0>0|9|10|2|2|0"/>
        <i3dMapping id="frontLight_01_left_" node="0>0|9|3|0|0"/>
        <i3dMapping id="frontLight_01_right_" node="0>0|9|3|0|1"/>
        <i3dMapping id="workingLightOval02_" node="0>0|9|3|0|2"/>
        <i3dMapping id="workingLightOval02_1" node="0>0|9|3|0|3"/>
        <i3dMapping id="workingLightOval02_2" node="0>0|9|3|0|4"/>
        <i3dMapping id="workingLightOval02_3" node="0>0|9|3|0|5"/>
        <i3dMapping id="workingLightOval02_4" node="0>0|9|3|0|6"/>
        <i3dMapping id="workingLightOval02_5" node="0>0|9|3|0|7"/>
        <i3dMapping id="workingLightOval02_6" node="0>0|9|3|0|8"/>
        <i3dMapping id="workingLightOval02_7" node="0>0|9|3|0|9"/>
        <i3dMapping id="workingLightOval02_8" node="0>0|9|3|0|10"/>
        <i3dMapping id="workingLightOval02_9" node="0>0|9|3|0|11"/>
        <i3dMapping id="workingLightOval02_10" node="0>0|9|3|0|12"/>
        <i3dMapping id="workingLightOval02_11" node="0>0|9|3|0|13"/>
        <i3dMapping id="workingLightOval02_12" node="0>0|9|3|0|14"/>
        <i3dMapping id="workingLightOval02_13" node="0>0|9|3|0|15"/>
        <i3dMapping id="workingLightOval_03_" node="0>0|9|3|0|16"/>
        <i3dMapping id="workingLightOval_03_1" node="0>0|9|3|0|17"/>
        <i3dMapping id="Rear_Light_Glass_static" node="0>0|9|3|1|0"/>
        <i3dMapping id="Rear_Light_static" node="0>0|9|3|1|1"/>
        <i3dMapping id="turnlightLeftStatic" node="0>0|9|3|1|2"/>
        <i3dMapping id="turnlightRightStatic" node="0>0|9|3|1|3"/>
        <i3dMapping id="wiperFront" node="0>0|9|4|0|0"/>
        <i3dMapping id="wiperBack" node="0>0|9|10|2|0|0|0"/>
        <i3dMapping id="playerRightFootTarget" node="0>0|9|5|0"/>
        <i3dMapping id="playerLeftFootTarget" node="0>0|9|5|1"/>
        <i3dMapping id="gasPedal" node="0>0|9|6|0"/>
        <i3dMapping id="playerRightFootTargetGasRef" node="0>0|9|6|0|0"/>
        <i3dMapping id="playerRightFootTargetGas" node="0>0|9|6|1"/>
        <i3dMapping id="brakePedal" node="0>0|9|6|2"/>
        <i3dMapping id="playerRightFootTargetBrake" node="0>0|9|6|2|0"/>
        <i3dMapping id="indoorHudFuelNeedlePillar" node="0>0|9|7|0"/>
        <i3dMapping id="indoorHudTempNeedlePillar" node="0>0|9|7|1"/>
        <i3dMapping id="numbersSpeedPillar" node="0>0|9|7|2"/>
        <i3dMapping id="numbersRpmPillar" node="0>0|9|7|3"/>
        <i3dMapping id="holmDecalLight" node="0>0|9|7|4"/>
        <i3dMapping id="beaconLightLeft" node="0>0|9|8|0|0|0"/>
        <i3dMapping id="beaconLightRight" node="0>0|9|8|1|0|0"/>
        <i3dMapping id="cvx185RoofDecal" node="0>0|9|9|0"/>
        <i3dMapping id="cvx200RoofDecal" node="0>0|9|9|1"/>
        <i3dMapping id="cvx240RoofDecal" node="0>0|9|9|2"/>
        <i3dMapping id="wheelFrontLeftAxis" node="1>0|0"/>
        <i3dMapping id="wheelFrontLeft" node="1>0|0|0"/>
        <i3dMapping id="wheelFrontLeftRot" node="1>0|0|0|0"/>
        <i3dMapping id="physWheelFrontLeft" node="1>0|0|0|0|0"/>
        <i3dMapping id="fenderLeft" node="1>0|0|0|1"/>
        <i3dMapping id="steeringBar" node="1>0|0|0|2"/>
        <i3dMapping id="hydraulicSteeringLeftRef" node="1>0|0|0|3"/>
        <i3dMapping id="wheelAxisRightAxis" node="1>0|1"/>
        <i3dMapping id="wheelFrontRight" node="1>0|1|0"/>
        <i3dMapping id="wheelFrontRightRot" node="1>0|1|0|0"/>
        <i3dMapping id="physWheelFrontRight" node="1>0|1|0|0|0"/>
        <i3dMapping id="fenderRight" node="1>0|1|0|1"/>
        <i3dMapping id="steeringBarRef" node="1>0|1|0|2"/>
        <i3dMapping id="hydraulicSteeringRightRef" node="1>0|1|0|3"/>
        <i3dMapping id="hydraulicSteeringLeft" node="1>1|0"/>
        <i3dMapping id="hydraulicSteeringLeftPunch" node="1>1|0|0"/>
        <i3dMapping id="hydraulicSteeringRight" node="1>1|1"/>
        <i3dMapping id="hydraulicSteeringRightPunch" node="1>1|1|0"/>
		<i3dMapping id="simpleICLSF_playerTrigger" 			node="0>0|9|12" />
		<i3dMapping id="simpleICLSF_moveBackWindow" 		node="0>0|9|10|2|9" />
		<i3dMapping id="simpleICLSF_moveRoofWindow" 		node="0>0|9|10|3|3" />
		<i3dMapping id="simpleICLSF_moveLeftDoor_Inside" 	node="0>0|9|10|0|12" />
		<i3dMapping id="simpleICLSF_moveLeftDoor_Outside" 	node="0>0|9|10|0|13" />
		<i3dMapping id="simpleICLSF_moveRightDoor_Inside" 	node="0>0|9|10|1|8" />
		<i3dMapping id="simpleICLSF_moveRightSitz_inside" 	node="0>0|9|10|6|0|1" />
		<i3dMapping id="simpleICLSF_ZylinderRcab" 	node="0>0|9|10|7" />
		<i3dMapping id="simpleICLSF_ZylinderRfenster" 	node="0>0|9|10|2|5" />
		<i3dMapping id="simpleICLSF_ZylinderLcab" 	node="0>0|9|10|8" />
		<i3dMapping id="simpleICLSF_ZylinderLfenster" 	node="0>0|9|10|2|4" />
    </i3dMappings>
</vehicle>
