<?xml version="1.0" encoding="utf-8" standalone="no" ?>
<wheel>
    <default>
        <physics radius="0.98" width="0.71" mass="0.317" tireType="mud" frictionScale="1.60" maxLongStiffness="11" maxLatStiffness="130" maxLatStiffnessLoad="2" />
        <tire filename="$data/shared/wheels/trelleborg/TM800/R38_TM800.i3d" nodeLeft="5|0" nodeRight="5|0" maxDeformation="0.099" isCareWheel="false" tireTrackAtlasIndex="0" />
        <innerRim filename="wheels/rims.i3d" nodeLeft="0|2" nodeRight="0|3" scale="0.85 1.005 1.005" />

    </default>
    <configurations>
        <configuration id="weight1" >
            <additional filename="$data/shared/wheels/weights/weight001.i3d" nodeLeft="0|0" nodeRight="0|1" offset="0.05" scale="1.2 0.8 0.8" mass="0.6" />
        </configuration>
        <configuration id="weight3" >
            <additional filename="$data/shared/wheels/weights/weight003.i3d" nodeLeft="0|0" nodeRight="0|1" offset="0.05" scale="0.45 0.8 0.8" mass="0.6" />
        </configuration>
        <configuration id="dual" >
            <innerRim filename="-" nodeLeft="-" nodeRight="-" widthAndDiam="-" />
        </configuration>
		<configuration id="tirePressureSystem" >
            <additional filename="hub/hub.i3d" nodeLeft="0|0" nodeRight="0|1" offset="-0.0" scale="1 0.95 0.95"/>
        </configuration>
    </configurations>
</wheel>
