<?xml version="1.0" encoding="utf-8" standalone="no" ?>
<wheel>
    <default>
        <physics radius="0.786" width="0.6" mass="0.207" tireType="mud" frictionScale="1.60" maxLongStiffness="8" maxLatStiffness="100" maxLatStiffnessLoad="2" />
        <tire filename="$data/shared/wheels/michelin/machXbib/R28_machXbib.i3d" nodeLeft="1|0" nodeRight="1|0" maxDeformation="0.086" isCareWheel="false" tireTrackAtlasIndex="0" />
        <!--outerRim filename="$data/shared/wheels/rims/rim001.i3d" node="1|0" widthAndDiam="20 28" /-->
        <innerRim filename="wheels/rims.i3d" nodeLeft="0|0" nodeRight="0|1" widthAndDiam="50 37"  />
    </default>
    <configurations>
        <configuration id="dual" >
            <innerRim filename="-" nodeLeft="-" nodeRight="-" widthAndDiam="-" />
        </configuration>
    </configurations>
</wheel>
