<?xml version="1.0" encoding="utf-8" standalone="no" ?>
<wheel>
    <default>
        <physics radius="1.0" width="0.9" mass="0.349" tireType="mud" frictionScale="1.60" maxLongStiffness="8" maxLatStiffness="100" maxLatStiffnessLoad="2" />
        <tire filename="$data/shared/wheels/michelin/cereXBib2/R42_cereXBib2.i3d" nodeLeft="2|0" nodeRight="2|0" maxDeformation="0.103" isCareWheel="false" tireTrackAtlasIndex="0" />
        <!--outerRim filename="$data/shared/wheels/rims/rim001.i3d" node="1|0" widthAndDiam="30 42" /-->
        <innerRim filename="wheels/rims.i3d" nodeLeft="0|2" nodeRight="0|3" scale="0.88 1.10 1.10" />
    </default>
    <configurations>
        <configuration id="weight3" >
            <additional filename="$data/shared/wheels/weights/weight003.i3d" nodeLeft="0|0" nodeRight="0|1" offset="-0.07" scale="0.8 0.825 0.825" mass="1.1" />
        </configuration>
    </configurations>
</wheel>
