<?xml version="1.0" encoding="utf-8" standalone="no" ?>
<wheel>
    <default>
        <physics radius="1.032" width="0.8" mass="0.364" tireType="mud" frictionScale="1.60" maxLongStiffness="12" maxLatStiffness="140" maxLatStiffnessLoad="2" />
        <tire filename="$data/shared/wheels/trelleborg/TM900/R38_TM900.i3d" nodeLeft="2|0" nodeRight="2|0" maxDeformation="0.11" isCareWheel="false" tireTrackAtlasIndex="0" />
        <innerRim filename="wheels/rims.i3d" nodeLeft="0|2" nodeRight="0|3" scale="0.99 1.03 1.03" />

    </default>
    <configurations>
        <configuration id="weight2" >
            <additional filename="$data/shared/wheels/weights/weight002.i3d" nodeLeft="1|0" nodeRight="1|1" offset="-0.04" scale="1 0.85 0.85" mass="0.8" />
        </configuration>
        <configuration id="weight3" >
            <additional filename="$data/shared/wheels/weights/weight003.i3d" nodeLeft="0|0" nodeRight="0|1" offset="0.01" scale="0.65 0.8 0.8" mass="0.6" />
        </configuration>
    </configurations>
</wheel>
