<?xml version="1.0" encoding="utf-8" standalone="no" ?>
<wheel>
    <default>
        <physics radius="0.985" width="0.9" mass="0.396" tireType="mud" frictionScale="1.60" maxLongStiffness="8" maxLatStiffness="100" maxLatStiffnessLoad="2" />
        <tire filename="$data/shared/wheels/michelin/machXbib/R42_machXbib.i3d" nodeLeft="1|0" nodeRight="1|0" maxDeformation="0.09" isCareWheel="false" tireTrackAtlasIndex="0" />
        <outerRim filename="$data/shared/wheels/rims/rim001.i3d" node="1|0" widthAndDiam="27 42" />
        <innerRim filename="$data/shared/wheels/rims/rim001.i3d" nodeLeft="3|0" nodeRight="3|1" widthAndDiam="27 42" />
    </default>
    <configurations>
		<configuration id="tirePressureSystem" >
            <additional filename="hub/hub.i3d" nodeLeft="0|0" nodeRight="0|1" offset="-0.075" scale="1 1.115 1.115"/>
        </configuration>
    </configurations>
</wheel>
